Structure,Mutation,Mean,SEM
7jlt,C114A,1.8822044,0.0004216527323125832
7jlt,C114Y,-4.727949000000001,0.030228922843249954
7jlt,C114R,-2.0519585,0.05139781392174389
7jlt,C114S,2.654198,0.005716154145098465
2ahm,C114A,3.557551500000001,0.00850002530259393
2ahm,C114Y,-10.58669,0.053177639691489635
2ahm,C114R,-5.234808500000001,0.06462631914270076
2ahm,C114S,5.150271500000001,0.0053132925798862005
7bv1,C114A,1.5298884000000001,0.00015977659403054248
7bv1,C114Y,-4.729634,0.052585598670918894
7bv1,C114R,-2.4061605000000004,0.05092801578531159
7bv1,C114S,2.1145315,0.0019782541844821297
6yyt,C114A,1.6794,0.015543320938251049
6yyt,C114Y,-4.7091955,0.07021281402945058
6yyt,C114R,-2.6749955,0.03146002801781299
6yyt,C114S,,0.0
