Structure,Mutation,Mean,SEM
7jlt,C114A,-0.055897084000000014,0.0010286785890756484
7jlt,C114Y,3.0447165000000003,0.08559679814558671
7jlt,C114R,7.825075,0.0727703482684071
7jlt,C114S,1.5488785000000003,0.014581997575868389
2ahm,C114A,-0.35133205,0.0109253735953164
2ahm,C114Y,6.613218000000001,0.12088560167321309
2ahm,C114R,17.193714999999997,0.12457478820603692
2ahm,C114S,2.7483340000000003,0.01021164627688457
7bv1,C114A,-0.5455036000000001,1.7440947986466486e-05
7bv1,C114Y,3.8970695000000006,0.08677991962270812
7bv1,C114R,6.858355499999999,0.1531616881143567
7bv1,C114S,0.7885943,0.011253820933611368
6yyt,C114A,-0.60634435,0.009846643724553532
6yyt,C114Y,2.9436880000000003,0.0670250350265913
6yyt,C114R,5.853064,0.10505225300672742
6yyt,C114S,,0.0
