Structure,Mutation,Mean,SEM
7jlt,C114A,1.62998,0.0028326368751865573
7jlt,C114Y,21.339269999999996,0.3808311253796028
7jlt,C114R,8.0670515,0.4055776888524337
7jlt,C114S,2.6293395,0.033182635626063606
2ahm,C114A,3.6719550000000005,0.011408987050843547
2ahm,C114Y,21.55966,0.6812789398739618
2ahm,C114R,15.842014999999998,0.780919667722312
2ahm,C114S,6.732780000000001,0.024967521344844465
7bv1,C114A,0.64641,0.0002598659526242983
7bv1,C114Y,13.254206,0.878574659324438
7bv1,C114R,1.8978904,0.195149438043656
7bv1,C114S,2.0896960000000004,0.006344677520733836
6yyt,C114A,0.9086128,0.026583842002199272
6yyt,C114Y,11.182551499999999,0.6535108670353559
6yyt,C114R,2.094501,0.07773892190463369
6yyt,C114S,,0.0
