Structure,Mutation,Mean,SEM
7jlt,C114A,-0.0154161128,0.0007998156614811355
7jlt,C114Y,23.828515,0.4147881836282605
7jlt,C114R,8.6271095,0.5477793064227481
7jlt,C114S,-0.008889397799999999,0.005071905836190437
2ahm,C114A,-0.06876323,0.012017109360125493
2ahm,C114Y,30.11459,0.7116232434556334
2ahm,C114R,15.3534605,0.7844896142429081
2ahm,C114S,-0.10339930499999998,0.013028880902038312
7bv1,C114A,-0.04502366800000001,9.192308518901381e-05
7bv1,C114Y,16.163649500000002,1.1526983460891083
7bv1,C114R,1.3024776499999997,0.1806281026036395
7bv1,C114S,-0.041316505,0.00028015559778874394
6yyt,C114A,-0.03189259,0.005514705839332062
6yyt,C114Y,15.2541,0.7592636882290353
6yyt,C114R,1.5594417000000003,0.09777575596954655
6yyt,C114S,,0.0
